cuenta,shortcode,fecha,tipo,likes,comentarios
paupautista,DQ9ljnSEnjy,2025-11-12,V,3443,204
paupautista,DaIB8vbjXqk,2026-06-28,V,1489,112
paupautista,DbDQSsJktny,2026-07-21,V,1191,36
paupautista,DbVhKVKD2ll,2026-07-28,V,1914,77
paupautista,DasFHkkj_0f,2026-07-12,V,10879,325
paupautista,Da5JNGtCD-s,2026-07-17,V,2259,79
paupautista,Da-GpbwE9t_,2026-07-19,V,3381,80
paupautista,DafNMbQCX7O,2026-07-07,V,1136,29
paupautista,DaxOwSHkZFd,2026-07-14,V,2812,160
paupautista,DbQINWlirph,2026-07-26,V,1187,34
paupautista,DakW0F2FTVt,2026-07-09,V,1039,23
paupautista,DbIZ27dkt8L,2026-07-23,V,1686,53
paupautista,Da0Rh4lDJUm,2026-07-15,V,12614,100
paupautista,Dbaba-fkajT,2026-07-30,V,1364,38
paupautista,DbiT8fIAHEZ,2026-08-02,V,3218,202
paupautista,DPOOk2_gANq,2025-09-30,V,3179,142
sofiavera_rubio,DEGY7vay5mO,2024-12-27,V,-1,53
sofiavera_rubio,DD71uJ0yNPQ,2024-12-23,V,-1,11
sofiavera_rubio,Cg0IQ8aDqwf,2022-08-03,V,168,33
sofiavera_rubio,DGo0nv2v-WC,2025-03-01,V,106,88
sofiavera_rubio,Cgu4q4fMVmV,2022-08-01,V,132,11
sofiavera_rubio,DBfLiP-POU-,2024-10-24,V,-1,30
sofiavera_rubio,C4egaqmNvB_,2024-03-14,V,-1,30
sofiavera_rubio,DBuuQLYudut,2024-10-30,V,-1,26
sofiavera_rubio,DDgCdVvNOvb,2024-12-13,V,-1,3
sofiavera_rubio,C5XjNpDMPoq,2024-04-05,V,-1,6
sofiavera_rubio,DHuOOj8SFd0,2025-03-28,S,101,56
sofiavera_rubio,DD8aX6PtRzp,2024-12-24,V,-1,3
sofiavera_rubio,DCIdPxXt1sc,2024-11-09,S,-1,14
sofiavera_rubio,DGW19-3tJqZ,2025-02-22,V,-1,38
sofiavera_rubio,DBzruanSNqT,2024-10-31,V,-1,58
sofiavera_rubio,DDN6F-Yuo7a,2024-12-06,V,-1,24
sofiavera_rubio,CrkA2Mwtbne,2023-04-28,S,166,24
sofiavera_rubio,C5SELRAtkXA,2024-04-03,V,71,18
centrocrecemx,DaqW35TGkKw,2026-07-11,S,494,33
centrocrecemx,DbZq1HOjWDd,2026-07-30,S,29,6
centrocrecemx,DZrD5fgHDQc,2026-06-17,S,15,10
centrocrecemx,DaPAqpClg-x,2026-07-01,S,32,2
centrocrecemx,DbUhMwlDcJR,2026-07-28,S,51,0
centrocrecemx,DbHpUT6lp03,2026-07-23,S,111,2
centrocrecemx,DMJxi6JMEAH,2025-07-16,S,2269,235
centrocrecemx,DMzBBUmtxp3,2025-08-01,V,42,35
centrocrecemx,DZ6gQPQFfZW,2026-06-23,S,13,4
centrocrecemx,DZypgnYj7PR,2026-06-20,S,8,0
centrocrecemx,Da1X-DJD4Pm,2026-07-16,S,9,22
centrocrecemx,DZbR6Jbn49J,2026-06-11,S,29,7
centrocrecemx,DZWVkd1Dhkl,2026-06-09,S,18,21
centrocrecemx,DZOdryZjUUe,2026-06-06,S,56,54
centrocrecemx,Da9Jet6jXCE,2026-07-19,S,37,10
centrocrecemx,DY8VL9Cmsfy,2026-05-30,S,25,4
centrocrecemx,DZBy1BPDxdU,2026-06-01,S,198,0
centrocrecemx,DZGhdjsmEDY,2026-06-02,S,13,0
mimamaterapeuta,Da7x-X_M9Jw,2026-07-18,V,142,2
mimamaterapeuta,DadhUlLM3Tw,2026-07-06,V,118,3
mimamaterapeuta,Da3UdzQs2Bz,2026-07-16,V,225,16
mimamaterapeuta,DbTpYHKM7vz,2026-07-27,V,993,23
mimamaterapeuta,C2SnWGYNlhD,2024-01-19,V,53705,855
mimamaterapeuta,DaqYJ7hMpG6,2026-07-11,V,2153,33
mimamaterapeuta,DaVxOGtMCP2,2026-07-03,V,162,3
mimamaterapeuta,DZdDJBrsSdd,2026-06-11,V,374,12
mimamaterapeuta,DaBQntaMnID,2026-06-25,V,2714,24
mimamaterapeuta,DaBUE3SMGwS,2026-06-25,V,250,1
mimamaterapeuta,DbYtxJpswR0,2026-07-29,V,2652,57
mimamaterapeuta,Dbi8sJZs2bg,2026-08-02,V,148,6
mimamaterapeuta,DZ5kp7IsgQh,2026-06-22,V,231,9
mimamaterapeuta,C_a-7VyOhRg,2024-09-02,V,19685,103
mimamaterapeuta,C64UpXDrLS7,2024-05-12,V,7090,24
mimamaterapeuta,DaJDapRM6IT,2026-06-28,V,274,5
mimamaterapeuta,Dan2vsrM-sV,2026-07-10,V,78,1
mimamaterapeuta,DaitFUvsXE6,2026-07-08,V,222,12
mamiterapeuta.cl,DbJbdNPxjDd,2026-07-23,V,465,23
mamiterapeuta.cl,DbI9y2Gxx4g,2026-07-23,V,254,18
mamiterapeuta.cl,Daykzrqxvm_,2026-07-14,V,3226,32
mamiterapeuta.cl,Da0z_kUxjZZ,2026-07-15,V,3369,13
mamiterapeuta.cl,DbI4rVlEWm0,2026-07-23,S,792,13
mamiterapeuta.cl,DbXB6BNR3Ut,2026-07-29,V,-1,7
mamiterapeuta.cl,Da0Ra7cxmMk,2026-07-15,V,323,1
mamiterapeuta.cl,DaxptHAxlko,2026-07-14,V,268,11
mamiterapeuta.cl,DaehbS9sXQK,2026-07-07,V,136,0
mamiterapeuta.cl,DawO1saRB2u,2026-07-14,I,71,0
mamiterapeuta.cl,DagycrVxKod,2026-07-08,V,170,3
mamiterapeuta.cl,DagwNq3Rh5J,2026-07-08,I,3307,9
mamiterapeuta.cl,Dafi-JWEXwW,2026-07-07,S,136,1
mamiterapeuta.cl,DbBksbYxSfl,2026-07-20,V,-1,11
mamiterapeuta.cl,DaglnJgjnhI,2026-07-07,S,-1,0
integrandosuenos,DbWyTG9Bw_V,2026-07-29,V,17,2
integrandosuenos,Dbb7X6kBQsu,2026-07-31,V,17,0
integrandosuenos,DbCLcyUBrCI,2026-07-21,V,381,2
integrandosuenos,Dbgm71OOtQS,2026-08-01,V,84,0
integrandosuenos,DbHVA0_A6Ca,2026-07-23,V,98,0
integrandosuenos,DbQrVE-uNoQ,2026-07-26,V,22,2
integrandosuenos,DbJ_Wl9OLHT,2026-07-24,V,47,0
integrandosuenos,Da1S-CZOkz5,2026-07-16,V,32,0
integrandosuenos,DbEwKy3gG5O,2026-07-22,V,106,0
integrandosuenos,DaohvpluGJd,2026-07-11,V,376,2
integrandosuenos,DagrB8pO7Df,2026-07-07,V,205,6
integrandosuenos,DbS6jc_AIkJ,2026-07-27,V,17,0
integrandosuenos,DafcLMpOQqW,2026-07-07,V,33,2
integrandosuenos,DbUNAZPBSQ9,2026-07-28,V,96,0
integrandosuenos,Da6dEbcBfGg,2026-07-18,V,174,9
integrandosuenos,Da_mjjvphNL,2026-07-20,V,534,3
integrandosuenos,Da9Byi8mt7H,2026-07-19,S,29,0
integrandosuenos,DbZYAUMOg_-,2026-07-30,V,245,0
idalbadugarte,DbegVPdOEDs,2026-08-01,V,-1,1
idalbadugarte,DbBz1lnRwLP,2026-07-20,V,-1,5
idalbadugarte,DbMagtYRfNh,2026-07-24,V,-1,5
idalbadugarte,C13LIiauweL,2024-01-09,V,436,42
idalbadugarte,DbjQhQLRrHL,2026-08-02,V,110,13
idalbadugarte,CoGtTfcLkl5,2023-02-01,V,23626,301
idalbadugarte,Da-3WTyuvce,2026-07-19,V,201,28
idalbadugarte,Da3gvTqR4i0,2026-07-16,V,25,0
idalbadugarte,Da8NGpfuBJ8,2026-07-18,V,71,8
idalbadugarte,DbWRq0vxYBh,2026-07-28,V,-1,94
idalbadugarte,DbRe3bSRFZ_,2026-07-26,V,67,10
idalbadugarte,DZ8G6KZx8ch,2026-06-23,V,243,20
idalbadugarte,DaviWy6RU3P,2026-07-13,V,44,13
idalbadugarte,DbYwiKgRMF6,2026-07-29,V,-1,11
idalbadugarte,DayYJNin60D,2026-07-14,S,14,4
idalbadugarte,Dai7p26xy6T,2026-07-08,V,23,31
idalbadugarte,DaoefijjPi1,2026-07-11,S,6,2
idalbadugarte,DaI4I9ZldQz,2026-06-28,S,265,15
autismoguia,C8J7W4pMtOu,2024-06-13,V,1810,41
autismoguia,C48CLuMuGpG,2024-03-25,V,501,21
autismoguia,C5RHXu-OWrR,2024-04-02,V,-1,13
autismoguia,C8ZYIXfxHIc,2024-06-20,V,8654,57
autismoguia,C8W2sPHRJts,2024-06-18,V,402,36
autismoguia,C5Yud4yOKjS,2024-04-05,V,6338,54
autismoguia,C5f-4WkRmSl,2024-04-08,V,2473,27
autismoguia,C4a846huOo-,2024-03-12,V,18631,212
autismoguia,C4p7XCTO_oP,2024-03-18,V,6147,127
autismoguia,C8MgH0uMR72,2024-06-14,S,547,10
autismoguia,C9cYN_HxZKZ,2024-07-15,S,3130,41
autismoguia,C7wN9NiRZ4G,2024-06-03,S,50332,730
autismoguia,C4dpPf3R7Gq,2024-03-13,S,-1,11
autismoguia,C5N-OswO1NX,2024-04-01,S,2333,29
autismoguia,C4xok4NM1nd,2024-03-21,S,1071,27
autismoguia,C4DhaG1OgWf,2024-03-03,V,4065,128
autismoguia,C4QhrXzO8r6,2024-03-08,S,444,6
autismoguia,C8ZYH1Hx5r7,2024-06-19,S,3129,51
alimento.red,DZyQpM8CjwA,2026-06-19,V,7,0
alimento.red,DbMfrccBrTf,2026-07-25,V,13,0
alimento.red,DaBmuhUutAH,2026-06-25,V,11,0
alimento.red,DbHVMvED9LY,2026-07-23,V,18,0
alimento.red,Dbb77V3BRwj,2026-07-31,V,16,0
alimento.red,DbCNT30DGxN,2026-07-21,S,3,0
alimento.red,DZvxYesuJki,2026-06-18,V,8,0
alimento.red,DZtNhZ9u305,2026-06-18,V,24,2
alimento.red,DbWwB6AhRlO,2026-07-28,V,15,0
alimento.red,DaMJdEHjmDe,2026-06-30,S,9,0
alimento.red,DaylHTsjo3y,2026-07-14,S,-1,0
alimento.red,DZ8mLY6kfUz,2026-06-23,V,8,0
alimento.red,Dagt5giunfq,2026-07-08,V,38,2
alimento.red,DaRNLd8E2rJ,2026-07-01,S,6,0
alimento.red,DZgVSHICK6k,2026-06-13,S,4,0
ft.ferchm,DbZyT0RRAai,2026-07-30,V,-1,3
ft.ferchm,DXry2THEVrt,2026-04-28,V,-1,5
ft.ferchm,DYIWqDYhzsH,2026-05-09,V,-1,2
ft.ferchm,DbfG9T2xIpt,2026-08-01,V,-1,8
ft.ferchm,Dbb0dqJlt6l,2026-07-30,S,-1,0
ft.ferchm,DYkNrybltS5,2026-05-20,S,-1,1
ft.ferchm,DYGu7EwlVYs,2026-05-09,S,-1,0
ft.ferchm,DWpT-G-FBP2,2026-04-02,S,-1,0
ft.ferchm,DW90CDzElsE,2026-04-10,S,-1,0
ft.ferchm,DU_mvbBEjbF,2026-02-20,S,-1,3
ft.ferchm,DVUA5xnkszF,2026-02-28,I,-1,2
ft.ferchm,DXN2nhFEdhB,2026-04-17,V,-1,3
ft.ferchm,DYQZpdwFZ33,2026-05-12,S,-1,0
ft.ferchm,DVMAJy1Dhhx,2026-02-25,S,-1,2
ft.ferchm,DYxJCVClDZP,2026-05-25,S,-1,7
ft.ferchm,DWgtrfaFkUZ,2026-03-30,S,-1,1
ft.ferchm,DU39p0LklNy,2026-02-17,S,-1,13
ft.ferchm,DWX0cVmjCvc,2026-03-27,S,-1,0
aspikaofficial,DbeGW0oNks6,2026-07-31,V,454,25
cec.isla.bonita,Da-Gu7DDCD2,2026-07-19,S,110,2
teraideas,DQHbYUCDGu0,2025-10-22,S,477,56
teraideas,DW31IdGkRgK,2026-04-08,S,219,8
teraideas,DQXflCmiV-i,2025-10-28,S,158,5
alimento.red.2,DZV--29tVdb,2026-06-08,V,44,2
alimento.red.2,DZECMyLtuhX,2026-06-02,V,73,4
alimento.red.2,DZLnkJSNzB6,2026-06-04,V,24,0
